song_name,artists,popularity,danceability,energy,key,loudness,mode,speechiness,acousticness,instrumentalness,liveness,valence,tempo,type,id,uri,track_href,analysis_url,duration_ms,time_signature
Panda,['Desiigner'],72,0.72,0.748,10,-5.522,0,0.393,0.0235,0,0.369,0.246,145.22,audio_features,275a9yzwGB6ncAW4SxY7q3,spotify:track:275a9yzwGB6ncAW4SxY7q3,https://api.spotify.com/v1/tracks/275a9yzwGB6ncAW4SxY7q3,https://api.spotify.com/v1/audio-analysis/275a9yzwGB6ncAW4SxY7q3,247867,4
"Me, Myself & I (Originally Performed by G-Eazy x Bebe Rexha)",['Boom Boxx'],18,0.819,0.543,0,-8.277,0,0.0606,0.0667,2.31e-05,0.0878,0.245,112.107,audio_features,6tsA1Pr7JTqXKmnSIrYfNI,spotify:track:6tsA1Pr7JTqXKmnSIrYfNI,https://api.spotify.com/v1/tracks/6tsA1Pr7JTqXKmnSIrYfNI,https://api.spotify.com/v1/audio-analysis/6tsA1Pr7JTqXKmnSIrYfNI,252395,4
Hotline Bling,['Drake'],71,0.903,0.621,2,-8.132,1,0.0578,0.00302,0.000186,0.0504,0.553,134.969,audio_features,0wwPcA6wtMf6HUMpIRdeP7,spotify:track:0wwPcA6wtMf6HUMpIRdeP7,https://api.spotify.com/v1/tracks/0wwPcA6wtMf6HUMpIRdeP7,https://api.spotify.com/v1/audio-analysis/0wwPcA6wtMf6HUMpIRdeP7,267067,4
Too Good,"['Drake', 'Rihanna']",70,0.82,0.641,4,-7.811,0,0.116,0.0662,5.07e-05,0.102,0.395,117.974,audio_features,3BtuIIrQlkujKPuWF2B85z,spotify:track:3BtuIIrQlkujKPuWF2B85z,https://api.spotify.com/v1/tracks/3BtuIIrQlkujKPuWF2B85z,https://api.spotify.com/v1/audio-analysis/3BtuIIrQlkujKPuWF2B85z,263373,4
Broccoli,"['DRAM', 'Lil Yachty']",74,0.886,0.525,8,-7.39,1,0.132,0.236,0,0.057,0.708,145.99,audio_features,0qy5D3OJre7SPJNMOL9I71,spotify:track:0qy5D3OJre7SPJNMOL9I71,https://api.spotify.com/v1/tracks/0qy5D3OJre7SPJNMOL9I71,https://api.spotify.com/v1/audio-analysis/0qy5D3OJre7SPJNMOL9I71,225205,4
Jumpman (In the Style of Drake & Future) [Karaoke Version],['Instrumental King'],17,0.808,0.396,4,-4.967,1,0.124,0.00297,0.925,0.114,0.888,142.002,audio_features,7DH4e83LRgbABs6R7Eu7sF,spotify:track:7DH4e83LRgbABs6R7Eu7sF,https://api.spotify.com/v1/tracks/7DH4e83LRgbABs6R7Eu7sF,https://api.spotify.com/v1/audio-analysis/7DH4e83LRgbABs6R7Eu7sF,216338,4
Don't Mind,['Kent Jones'],71,0.464,0.771,8,-4.503,1,0.336,0.0235,0,0.063,0.69,158.777,audio_features,27PmvZoffODNFW2p7ehZTQ,spotify:track:27PmvZoffODNFW2p7ehZTQ,https://api.spotify.com/v1/tracks/27PmvZoffODNFW2p7ehZTQ,https://api.spotify.com/v1/audio-analysis/27PmvZoffODNFW2p7ehZTQ,198237,4
Low Life,"['Future', 'The Weeknd']",80,0.722,0.331,8,-7.789,1,0.0725,0.337,0.283,0.146,0.102,143.974,audio_features,7EiZI6JVHllARrX9PUvAdX,spotify:track:7EiZI6JVHllARrX9PUvAdX,https://api.spotify.com/v1/tracks/7EiZI6JVHllARrX9PUvAdX,https://api.spotify.com/v1/audio-analysis/7EiZI6JVHllARrX9PUvAdX,313547,4
For Free,"['DJ Khaled', 'Drake']",63,0.916,0.571,10,-8.241,0,0.2,0.0173,1.11e-06,0.153,0.498,103.521,audio_features,4JDZl9nKIAhAhDjw753u4X,spotify:track:4JDZl9nKIAhAhDjw753u4X,https://api.spotify.com/v1/tracks/4JDZl9nKIAhAhDjw753u4X,https://api.spotify.com/v1/audio-analysis/4JDZl9nKIAhAhDjw753u4X,183695,4
2 Phones,['Kevin Gates'],73,0.895,0.681,7,-5.267,0,0.358,0.157,0,0.189,0.554,121.918,audio_features,0wdKiSBUT7aZkXUIdJWcwC,spotify:track:0wdKiSBUT7aZkXUIdJWcwC,https://api.spotify.com/v1/tracks/0wdKiSBUT7aZkXUIdJWcwC,https://api.spotify.com/v1/audio-analysis/0wdKiSBUT7aZkXUIdJWcwC,240000,4
"Sucker For Pain (with Wiz Khalifa, Imagine Dragons, Logic & Ty Dolla $ign feat. X Ambassadors)","['Lil Wayne', 'Wiz Khalifa', 'Imagine Dragons', 'Logic', 'Ty Dolla $ign', 'X Ambassadors']",80,0.502,0.786,9,-4.378,0,0.317,0.255,0,0.65,0.739,169.021,audio_features,4dASQiO1Eoo3RJvt74FtXB,spotify:track:4dASQiO1Eoo3RJvt74FtXB,https://api.spotify.com/v1/tracks/4dASQiO1Eoo3RJvt74FtXB,https://api.spotify.com/v1/audio-analysis/4dASQiO1Eoo3RJvt74FtXB,243491,4
Down In the DM,['Yo Gotti'],69,0.776,0.662,1,-7.016,0,0.0489,0.00157,2.1e-05,0.0887,0.324,152.927,audio_features,1LxKKYsJNPeBdOwdudsJzv,spotify:track:1LxKKYsJNPeBdOwdudsJzv,https://api.spotify.com/v1/tracks/1LxKKYsJNPeBdOwdudsJzv,https://api.spotify.com/v1/audio-analysis/1LxKKYsJNPeBdOwdudsJzv,182733,4
Antidote,['Travis Scott'],78,0.713,0.526,1,-5.046,1,0.032,0.00767,0.000148,0.124,0.131,131.05,audio_features,1wHZx0LgzFHyeIZkUydNXq,spotify:track:1wHZx0LgzFHyeIZkUydNXq,https://api.spotify.com/v1/tracks/1wHZx0LgzFHyeIZkUydNXq,https://api.spotify.com/v1/audio-analysis/1wHZx0LgzFHyeIZkUydNXq,262693,4
Pop Style,['Drake'],65,0.718,0.458,4,-10.024,0,0.117,0.187,3.43e-06,0.105,0.0514,132.998,audio_features,5mPSyjLatqB00IkPqRlbTE,spotify:track:5mPSyjLatqB00IkPqRlbTE,https://api.spotify.com/v1/tracks/5mPSyjLatqB00IkPqRlbTE,https://api.spotify.com/v1/audio-analysis/5mPSyjLatqB00IkPqRlbTE,212947,4
679 (feat. Remy Boyz),"['Fetty Wap', 'Remy Boyz']",76,0.618,0.717,7,-5.738,1,0.318,0.00256,0,0.625,0.603,190.05,audio_features,5NQbUaeTEOGdD6hHcre0dZ,spotify:track:5NQbUaeTEOGdD6hHcre0dZ,https://api.spotify.com/v1/tracks/5NQbUaeTEOGdD6hHcre0dZ,https://api.spotify.com/v1/audio-analysis/5NQbUaeTEOGdD6hHcre0dZ,196693,4
All The Way Up (Remix),"['Fat Joe', 'Remy Ma', 'JAY Z', 'French Montana', 'InfaRed']",70,0.564,0.717,10,-6.403,0,0.397,0.097,0,0.493,0.423,117.489,audio_features,2AYTGaclgKXACh13nJRVcV,spotify:track:2AYTGaclgKXACh13nJRVcV,https://api.spotify.com/v1/tracks/2AYTGaclgKXACh13nJRVcV,https://api.spotify.com/v1/audio-analysis/2AYTGaclgKXACh13nJRVcV,284831,5
White Iverson,['Post Malone'],82,0.674,0.568,7,-7.678,1,0.0349,0.216,0,0.0863,0.321,130.081,audio_features,6eT7xZZlB2mwyzJ2sUKG6w,spotify:track:6eT7xZZlB2mwyzJ2sUKG6w,https://api.spotify.com/v1/tracks/6eT7xZZlB2mwyzJ2sUKG6w,https://api.spotify.com/v1/audio-analysis/6eT7xZZlB2mwyzJ2sUKG6w,256533,4
Cut It (feat. Young Dolph),"['O.T. Genasis', 'Young Dolph']",71,0.875,0.673,7,-4.184,1,0.0932,0.135,0,0.292,0.231,130.0,audio_features,376KnY4TrgBITxjlnbnmIy,spotify:track:376KnY4TrgBITxjlnbnmIy,https://api.spotify.com/v1/tracks/376KnY4TrgBITxjlnbnmIy,https://api.spotify.com/v1/audio-analysis/376KnY4TrgBITxjlnbnmIy,222600,4
Wicked,['Future'],68,0.718,0.679,11,-5.899,0,0.0706,0.00191,0.0104,0.385,0.205,157.97,audio_features,6BbINUfGabVyiNFJpQXn3x,spotify:track:6BbINUfGabVyiNFJpQXn3x,https://api.spotify.com/v1/tracks/6BbINUfGabVyiNFJpQXn3x,https://api.spotify.com/v1/audio-analysis/6BbINUfGabVyiNFJpQXn3x,173347,4
Tiimmy Turner,['Desiigner'],73,0.597,0.743,6,-3.095,1,0.042,0.181,0,0.0796,0.299,122.798,audio_features,3NJG6vMH1ZsectZkocMEm0,spotify:track:3NJG6vMH1ZsectZkocMEm0,https://api.spotify.com/v1/tracks/3NJG6vMH1ZsectZkocMEm0,https://api.spotify.com/v1/audio-analysis/3NJG6vMH1ZsectZkocMEm0,239853,4
Really Really,['Kevin Gates'],73,0.762,0.666,0,-6.055,1,0.0916,0.00427,0,0.127,0.278,118.97,audio_features,10I3CmmwT0BkOVhduDy53o,spotify:track:10I3CmmwT0BkOVhduDy53o,https://api.spotify.com/v1/tracks/10I3CmmwT0BkOVhduDy53o,https://api.spotify.com/v1/audio-analysis/10I3CmmwT0BkOVhduDy53o,232093,4
Black Beatles,"['Rae Sremmurd', 'Gucci Mane']",76,0.794,0.646,0,-6.235,1,0.0614,0.13,0,0.14,0.322,145.931,audio_features,6fujklziTHa8uoM5OQSfIo,spotify:track:6fujklziTHa8uoM5OQSfIo,https://api.spotify.com/v1/tracks/6fujklziTHa8uoM5OQSfIo,https://api.spotify.com/v1/audio-analysis/6fujklziTHa8uoM5OQSfIo,291893,4
Summer Sixteen,['Drake'],64,0.592,0.455,1,-7.698,1,0.393,0.00322,3.72e-05,0.154,0.0633,146.316,audio_features,17Q87zeXgsAi9iQQbMu9v0,spotify:track:17Q87zeXgsAi9iQQbMu9v0,https://api.spotify.com/v1/tracks/17Q87zeXgsAi9iQQbMu9v0,https://api.spotify.com/v1/audio-analysis/17Q87zeXgsAi9iQQbMu9v0,202451,4
I Got the Keys,"['DJ Khaled', 'JAY Z', 'Future']",61,0.686,0.623,1,-3.425,1,0.13,0.00287,0.00145,0.219,0.176,140.171,audio_features,51Nwg5wCDDiqcTntgJUlLo,spotify:track:51Nwg5wCDDiqcTntgJUlLo,https://api.spotify.com/v1/tracks/51Nwg5wCDDiqcTntgJUlLo,https://api.spotify.com/v1/audio-analysis/51Nwg5wCDDiqcTntgJUlLo,219759,4
Best Friend,['Young Thug'],67,0.959,0.598,8,-5.534,1,0.0713,0.0358,0,0.358,0.408,127.029,audio_features,33JcUj9qQDayKswunZP9ar,spotify:track:33JcUj9qQDayKswunZP9ar,https://api.spotify.com/v1/tracks/33JcUj9qQDayKswunZP9ar,https://api.spotify.com/v1/audio-analysis/33JcUj9qQDayKswunZP9ar,213000,4
Money Longer,['Lil Uzi Vert'],80,0.795,0.568,5,-7.817,0,0.142,0.0541,0,0.108,0.478,136.173,audio_features,0B8QzDH7YWih85V5SEMnyJ,spotify:track:0B8QzDH7YWih85V5SEMnyJ,https://api.spotify.com/v1/tracks/0B8QzDH7YWih85V5SEMnyJ,https://api.spotify.com/v1/audio-analysis/0B8QzDH7YWih85V5SEMnyJ,198944,4
Uber Everywhere,['MadeinTYO'],73,0.779,0.455,1,-15.025,1,0.28,0.0542,0,0.177,0.197,140.181,audio_features,7zBPzAjKAqQpcv8F8GCq5s,spotify:track:7zBPzAjKAqQpcv8F8GCq5s,https://api.spotify.com/v1/tracks/7zBPzAjKAqQpcv8F8GCq5s,https://api.spotify.com/v1/audio-analysis/7zBPzAjKAqQpcv8F8GCq5s,153429,4
No Problem (feat. Lil Wayne & 2 Chainz),"['Chance The Rapper', 'Lil Wayne', '2 Chainz']",79,0.652,0.795,11,-5.192,0,0.174,0.156,0,0.123,0.788,135.018,audio_features,0v9Wz8o0BT8DU38R4ddjeH,spotify:track:0v9Wz8o0BT8DU38R4ddjeH,https://api.spotify.com/v1/tracks/0v9Wz8o0BT8DU38R4ddjeH,https://api.spotify.com/v1/audio-analysis/0v9Wz8o0BT8DU38R4ddjeH,304607,4
THat Part,"['ScHoolboy Q', 'Kanye West']",70,0.919,0.519,6,-7.639,0,0.0902,0.0886,0,0.135,0.326,112.991,audio_features,2yJ9GVCLMmzBBfQAnfzlwr,spotify:track:2yJ9GVCLMmzBBfQAnfzlwr,https://api.spotify.com/v1/tracks/2yJ9GVCLMmzBBfQAnfzlwr,https://api.spotify.com/v1/audio-analysis/2yJ9GVCLMmzBBfQAnfzlwr,313573,4
Father Stretch My Hands Pt. 1,['Kanye West'],72,0.714,0.566,7,-4.408,1,0.056,0.142,1.25e-06,0.57,0.449,113.074,audio_features,4KW1lqgSr8TKrvBII0Brf8,spotify:track:4KW1lqgSr8TKrvBII0Brf8,https://api.spotify.com/v1/tracks/4KW1lqgSr8TKrvBII0Brf8,https://api.spotify.com/v1/audio-analysis/4KW1lqgSr8TKrvBII0Brf8,135920,4
Juju On That Beat (TZ Anthem) - DJ Taj and DJ Flex Remix,"['Zay Hilfigerrr', 'Zayion McCall', 'DJ Flex', 'DJ Taj']",30,0.808,0.919,1,-5.391,1,0.167,0.00476,1.11e-06,0.0625,0.64,154.009,audio_features,6VQ1iGUwAyFugBI73h1iqs,spotify:track:6VQ1iGUwAyFugBI73h1iqs,https://api.spotify.com/v1/tracks/6VQ1iGUwAyFugBI73h1iqs,https://api.spotify.com/v1/audio-analysis/6VQ1iGUwAyFugBI73h1iqs,102857,4
Chill Bill,"['Rob $tone', 'J. Davi$', 'Spooks']",80,0.886,0.427,6,-10.028,1,0.145,0.0312,0.00099,0.0906,0.23,108.034,audio_features,5uDASfU19gDxSjW8cnCaBp,spotify:track:5uDASfU19gDxSjW8cnCaBp,https://api.spotify.com/v1/tracks/5uDASfU19gDxSjW8cnCaBp,https://api.spotify.com/v1/audio-analysis/5uDASfU19gDxSjW8cnCaBp,177184,4
OOOUUU,['Young M.A'],71,0.64,0.819,7,-4.108,1,0.455,0.533,0,0.156,0.623,166.012,audio_features,0D21XvHcVsIvJM6FcGY2BT,spotify:track:0D21XvHcVsIvJM6FcGY2BT,https://api.spotify.com/v1/tracks/0D21XvHcVsIvJM6FcGY2BT,https://api.spotify.com/v1/audio-analysis/0D21XvHcVsIvJM6FcGY2BT,234526,4
Again,['Fetty Wap'],69,0.748,0.733,11,-4.421,0,0.072,0.0062,0,0.329,0.291,93.019,audio_features,3ESSGgWzRf1xvP7G5hHMhB,spotify:track:3ESSGgWzRf1xvP7G5hHMhB,https://api.spotify.com/v1/tracks/3ESSGgWzRf1xvP7G5hHMhB,https://api.spotify.com/v1/audio-analysis/3ESSGgWzRf1xvP7G5hHMhB,312240,4
Do It Like Me,['DLOW'],54,0.883,0.85,10,-4.053,0,0.361,0.308,0,0.368,0.711,150.138,audio_features,0z9hbAY5d0RhmvZr3DWMPK,spotify:track:0z9hbAY5d0RhmvZr3DWMPK,https://api.spotify.com/v1/tracks/0z9hbAY5d0RhmvZr3DWMPK,https://api.spotify.com/v1/audio-analysis/0z9hbAY5d0RhmvZr3DWMPK,146000,4
Hit the Quan - Throw the Flag Version,['iLoveMemphis'],54,0.747,0.486,8,-8.121,1,0.352,0.000176,0,0.0488,0.633,160.002,audio_features,4Kdn7vw98rMaKi3rMIZRIR,spotify:track:4Kdn7vw98rMaKi3rMIZRIR,https://api.spotify.com/v1/tracks/4Kdn7vw98rMaKi3rMIZRIR,https://api.spotify.com/v1/audio-analysis/4Kdn7vw98rMaKi3rMIZRIR,181081,4
"Pick up the Phone (Originally by Young Thug, Travis Scott and Quavo) - Karaoke Instrumental",['Karaoke Freaks'],14,0.787,0.58,2,-9.887,1,0.0378,0.393,0.742,0.245,0.516,139.547,audio_features,3u2rgzPzq1mf0TM7faP0NX,spotify:track:3u2rgzPzq1mf0TM7faP0NX,https://api.spotify.com/v1/tracks/3u2rgzPzq1mf0TM7faP0NX,https://api.spotify.com/v1/audio-analysis/3u2rgzPzq1mf0TM7faP0NX,249345,4
MY PYT,['Wale'],66,0.563,0.414,0,-11.409,1,0.37,0.0298,0,0.0854,0.446,193.549,audio_features,4jK1VQQGDnNOLfyVXCxGsR,spotify:track:4jK1VQQGDnNOLfyVXCxGsR,https://api.spotify.com/v1/tracks/4jK1VQQGDnNOLfyVXCxGsR,https://api.spotify.com/v1/audio-analysis/4jK1VQQGDnNOLfyVXCxGsR,235652,4
Caroline,['Aminé'],78,0.941,0.323,10,-10.307,1,0.506,0.176,0,0.205,0.662,120.036,audio_features,5hTpBe8h35rJ67eAWHQsJx,spotify:track:5hTpBe8h35rJ67eAWHQsJx,https://api.spotify.com/v1/tracks/5hTpBe8h35rJ67eAWHQsJx,https://api.spotify.com/v1/audio-analysis/5hTpBe8h35rJ67eAWHQsJx,209640,4
Big Rings - Originally performed by Drake and Future,['2016 Dynamo Hitz'],2,0.851,0.422,8,-13.665,0,0.314,0.0202,0,0.189,0.145,132.024,audio_features,6kK8TzZrPQGtj59owltWG3,spotify:track:6kK8TzZrPQGtj59owltWG3,https://api.spotify.com/v1/tracks/6kK8TzZrPQGtj59owltWG3,https://api.spotify.com/v1/audio-analysis/6kK8TzZrPQGtj59owltWG3,225071,4
Might Not,"['Belly', 'The Weeknd']",67,0.792,0.563,1,-4.838,1,0.0793,0.283,0,0.128,0.288,133.996,audio_features,5e9aFSdnkQUrm5y8Dhw0qN,spotify:track:5e9aFSdnkQUrm5y8Dhw0qN,https://api.spotify.com/v1/tracks/5e9aFSdnkQUrm5y8Dhw0qN,https://api.spotify.com/v1/audio-analysis/5e9aFSdnkQUrm5y8Dhw0qN,224213,4
Where Ya At,"['Future', 'Drake']",72,0.813,0.453,1,-6.941,1,0.338,0.0933,0,0.14,0.191,161.997,audio_features,5nN8BwAQDJDguq7Dpd3JQQ,spotify:track:5nN8BwAQDJDguq7Dpd3JQQ,https://api.spotify.com/v1/tracks/5nN8BwAQDJDguq7Dpd3JQQ,https://api.spotify.com/v1/audio-analysis/5nN8BwAQDJDguq7Dpd3JQQ,208027,4
Wake Up,['Fetty Wap'],64,0.647,0.673,5,-5.992,1,0.176,0.172,0,0.223,0.527,179.971,audio_features,6BOtDFg6GJm0rPUDuNmx57,spotify:track:6BOtDFg6GJm0rPUDuNmx57,https://api.spotify.com/v1/tracks/6BOtDFg6GJm0rPUDuNmx57,https://api.spotify.com/v1/audio-analysis/6BOtDFg6GJm0rPUDuNmx57,224000,4
Childs Play,['Drake'],68,0.739,0.472,1,-11.204,1,0.156,0.0145,7.27e-06,0.207,0.289,80.03,audio_features,3NxAG2ni1lLa8RKL6a0INc,spotify:track:3NxAG2ni1lLa8RKL6a0INc,https://api.spotify.com/v1/tracks/3NxAG2ni1lLa8RKL6a0INc,https://api.spotify.com/v1/audio-analysis/3NxAG2ni1lLa8RKL6a0INc,241400,4
WTF (Where They From) [feat. Pharrell Williams],"['Missy Elliott', 'Pharrell Williams']",61,0.932,0.819,8,-3.484,0,0.203,0.0181,6.81e-06,0.0577,0.556,119.941,audio_features,7IAa7vUJ11STN7le8XaxsH,spotify:track:7IAa7vUJ11STN7le8XaxsH,https://api.spotify.com/v1/tracks/7IAa7vUJ11STN7le8XaxsH,https://api.spotify.com/v1/audio-analysis/7IAa7vUJ11STN7le8XaxsH,192773,4
One Night,['Lil Yachty'],76,0.762,0.476,0,-12.686,1,0.114,0.366,0,0.103,0.375,130.007,audio_features,40yJGQyEaBbIkXpwMFkXip,spotify:track:40yJGQyEaBbIkXpwMFkXip,https://api.spotify.com/v1/tracks/40yJGQyEaBbIkXpwMFkXip,https://api.spotify.com/v1/audio-analysis/40yJGQyEaBbIkXpwMFkXip,243270,4
Promise,"['Kid Ink', 'Fetty Wap']",71,0.797,0.469,8,-8.112,1,0.0646,0.0599,0,0.0753,0.481,103.057,audio_features,5IZc3KIVFhjzJ0L2kiXzUl,spotify:track:5IZc3KIVFhjzJ0L2kiXzUl,https://api.spotify.com/v1/tracks/5IZc3KIVFhjzJ0L2kiXzUl,https://api.spotify.com/v1/audio-analysis/5IZc3KIVFhjzJ0L2kiXzUl,224240,4
"Wat U Mean (Aye, Aye, Aye)",['Dae Dae'],61,0.923,0.599,6,-4.888,1,0.238,0.07,1.23e-06,0.0951,0.667,138.024,audio_features,46IdjlVO3EmaMqooXZ1Hcu,spotify:track:46IdjlVO3EmaMqooXZ1Hcu,https://api.spotify.com/v1/tracks/46IdjlVO3EmaMqooXZ1Hcu,https://api.spotify.com/v1/audio-analysis/46IdjlVO3EmaMqooXZ1Hcu,181739,4
Hype,['Drake'],64,0.789,0.608,7,-8.288,1,0.189,0.0244,0,0.368,0.271,129.958,audio_features,5NFYuqu8V6QXc6mzcLImd6,spotify:track:5NFYuqu8V6QXc6mzcLImd6,https://api.spotify.com/v1/tracks/5NFYuqu8V6QXc6mzcLImd6,https://api.spotify.com/v1/audio-analysis/5NFYuqu8V6QXc6mzcLImd6,209413,4
Back Up,"['DeJ Loaf', 'Big Sean']",62,0.816,0.535,9,-8.302,1,0.338,0.147,4.53e-06,0.176,0.435,80.012,audio_features,0sr5LOMv4x0jmTYfe6oOvP,spotify:track:0sr5LOMv4x0jmTYfe6oOvP,https://api.spotify.com/v1/tracks/0sr5LOMv4x0jmTYfe6oOvP,https://api.spotify.com/v1/audio-analysis/0sr5LOMv4x0jmTYfe6oOvP,241267,4
song_name,artists,popularity,danceability,energy,key,loudness,mode,speechiness,acousticness,instrumentalness,liveness,valence,tempo,type,id,uri,track_href,analysis_url,duration_ms,time_signature
See You Again (feat. Charlie Puth),"['Wiz Khalifa', 'Charlie Puth']",74,0.689,0.481,10,-7.503,1,0.0815,0.369,1.03e-06,0.0649,0.283,80.025,audio_features,2JzZzZUQj3Qff7wapcbKjc,spotify:track:2JzZzZUQj3Qff7wapcbKjc,https://api.spotify.com/v1/tracks/2JzZzZUQj3Qff7wapcbKjc,https://api.spotify.com/v1/audio-analysis/2JzZzZUQj3Qff7wapcbKjc,229526,4
Trap Queen,['Fetty Wap'],74,0.746,0.873,7,-3.803,1,0.128,0.0244,0,0.354,0.817,148.075,audio_features,2d8JP84HNLKhmd6IYOoupQ,spotify:track:2d8JP84HNLKhmd6IYOoupQ,https://api.spotify.com/v1/tracks/2d8JP84HNLKhmd6IYOoupQ,https://api.spotify.com/v1/audio-analysis/2d8JP84HNLKhmd6IYOoupQ,222093,4
Watch Me (Whip / Nae Nae),['Silentó'],62,0.825,0.77,8,-8.508,1,0.134,0.265,0,0.334,0.965,139.982,audio_features,5RIVoVdkDLEygELLCniZFr,spotify:track:5RIVoVdkDLEygELLCniZFr,https://api.spotify.com/v1/tracks/5RIVoVdkDLEygELLCniZFr,https://api.spotify.com/v1/audio-analysis/5RIVoVdkDLEygELLCniZFr,185131,4
679 (feat. Remy Boyz),"['Fetty Wap', 'Remy Boyz']",76,0.618,0.717,7,-5.738,1,0.318,0.00256,0,0.625,0.603,190.05,audio_features,5NQbUaeTEOGdD6hHcre0dZ,spotify:track:5NQbUaeTEOGdD6hHcre0dZ,https://api.spotify.com/v1/tracks/5NQbUaeTEOGdD6hHcre0dZ,https://api.spotify.com/v1/audio-analysis/5NQbUaeTEOGdD6hHcre0dZ,196693,4
Hotline Bling,['Drake'],71,0.903,0.621,2,-8.132,1,0.0578,0.00302,0.000186,0.0504,0.553,134.969,audio_features,0wwPcA6wtMf6HUMpIRdeP7,spotify:track:0wwPcA6wtMf6HUMpIRdeP7,https://api.spotify.com/v1/tracks/0wwPcA6wtMf6HUMpIRdeP7,https://api.spotify.com/v1/audio-analysis/0wwPcA6wtMf6HUMpIRdeP7,267067,4
Time of Our Lives - Tribute to Pitbull and Ne-Yo (Instrumental Version),['Pop Beatz'],3,0.824,0.336,6,-15.052,1,0.0813,0.0015,0.855,0.117,0.199,124.043,audio_features,58aBv8eqL5VOg1smeE8cS3,spotify:track:58aBv8eqL5VOg1smeE8cS3,https://api.spotify.com/v1/tracks/58aBv8eqL5VOg1smeE8cS3,https://api.spotify.com/v1/audio-analysis/58aBv8eqL5VOg1smeE8cS3,230400,4
GDFR (feat. Sage The Gemini & Lookas),"['Flo Rida', 'Lookas', 'Sage The Gemini']",70,0.657,0.827,5,-4.036,1,0.0734,0.000704,0.00534,0.065,0.69,145.889,audio_features,26rdOwwjC2UnweK3xeS58u,spotify:track:26rdOwwjC2UnweK3xeS58u,https://api.spotify.com/v1/tracks/26rdOwwjC2UnweK3xeS58u,https://api.spotify.com/v1/audio-analysis/26rdOwwjC2UnweK3xeS58u,190186,4
My Way (feat. Monty),"['Fetty Wap', 'Monty']",70,0.748,0.741,6,-3.103,1,0.0531,0.00419,0,0.147,0.537,128.077,audio_features,1WoOzgvz6CgH4pX6a1RKGp,spotify:track:1WoOzgvz6CgH4pX6a1RKGp,https://api.spotify.com/v1/tracks/1WoOzgvz6CgH4pX6a1RKGp,https://api.spotify.com/v1/audio-analysis/1WoOzgvz6CgH4pX6a1RKGp,213053,4
Nasty Freestyle,['T-Wayne'],66,0.779,0.472,11,-7.116,1,0.218,0.0577,0,0.114,0.412,135.051,audio_features,0PT7nlpo11hYYyfnBgtilT,spotify:track:0PT7nlpo11hYYyfnBgtilT,https://api.spotify.com/v1/tracks/0PT7nlpo11hYYyfnBgtilT,https://api.spotify.com/v1/audio-analysis/0PT7nlpo11hYYyfnBgtilT,142212,4
Only,"['Nicki Minaj', 'Drake', 'Lil Wayne', 'Chris Brown']",70,0.67,0.485,8,-7.272,0,0.737,0.409,0,0.0973,0.242,119.886,audio_features,4MRT0dDbhqFKl67WzhUbSw,spotify:track:4MRT0dDbhqFKl67WzhUbSw,https://api.spotify.com/v1/tracks/4MRT0dDbhqFKl67WzhUbSw,https://api.spotify.com/v1/audio-analysis/4MRT0dDbhqFKl67WzhUbSw,312027,4
I Don't Fuck With You,"['Big Sean', 'E-40']",71,0.822,0.734,1,-5.48,1,0.0738,0.0372,0,0.325,0.425,97.998,audio_features,7FYH5AW3bVfZHJIQpq3UOA,spotify:track:7FYH5AW3bVfZHJIQpq3UOA,https://api.spotify.com/v1/tracks/7FYH5AW3bVfZHJIQpq3UOA,https://api.spotify.com/v1/audio-analysis/7FYH5AW3bVfZHJIQpq3UOA,284387,4
"Flex (Ooh, Ooh, Ooh)",['Rich Homie Quan'],66,0.728,0.62,2,-7.533,1,0.0434,0.038,0,0.342,0.885,81.998,audio_features,2LLFl56eIFGFlnrplUC26f,spotify:track:2LLFl56eIFGFlnrplUC26f,https://api.spotify.com/v1/tracks/2LLFl56eIFGFlnrplUC26f,https://api.spotify.com/v1/audio-analysis/2LLFl56eIFGFlnrplUC26f,176675,4
Truffle Butter,"['Nicki Minaj', 'Drake', 'Lil Wayne']",67,0.896,0.672,10,-6.875,0,0.0479,0.0525,3.14e-05,0.12,0.523,105.098,audio_features,3keUgTGEoZJt0QkzTB6kHg,spotify:track:3keUgTGEoZJt0QkzTB6kHg,https://api.spotify.com/v1/tracks/3keUgTGEoZJt0QkzTB6kHg,https://api.spotify.com/v1/audio-analysis/3keUgTGEoZJt0QkzTB6kHg,219227,4
All Eyes On You (feat. Chris Brown & Nicki Minaj),"['Meek Mill', 'Chris Brown', 'Nicki Minaj']",71,0.589,0.658,11,-5.288,0,0.203,0.0242,0,0.118,0.251,77.521,audio_features,0hy1SOTEn9ifXTzOwnCwEr,spotify:track:0hy1SOTEn9ifXTzOwnCwEr,https://api.spotify.com/v1/tracks/0hy1SOTEn9ifXTzOwnCwEr,https://api.spotify.com/v1/audio-analysis/0hy1SOTEn9ifXTzOwnCwEr,223973,4
Blessings,"['Big Sean', 'Drake']",66,0.789,0.621,10,-7.685,0,0.283,0.315,0,0.136,0.158,118.891,audio_features,1bzM1cd6oqFozdr4wK6HdR,spotify:track:1bzM1cd6oqFozdr4wK6HdR,https://api.spotify.com/v1/tracks/1bzM1cd6oqFozdr4wK6HdR,https://api.spotify.com/v1/audio-analysis/1bzM1cd6oqFozdr4wK6HdR,252040,4
No Type,['Rae Sremmurd'],71,0.888,0.483,6,-7.797,1,0.154,0.013,4.85e-06,0.0926,0.226,125.008,audio_features,4scpF6J5uMBvoh6sFB7EL1,spotify:track:4scpF6J5uMBvoh6sFB7EL1,https://api.spotify.com/v1/tracks/4scpF6J5uMBvoh6sFB7EL1,https://api.spotify.com/v1/audio-analysis/4scpF6J5uMBvoh6sFB7EL1,200080,4
CoCo,['O.T. Genasis'],67,0.886,0.628,8,-5.949,1,0.131,0.00215,1.15e-05,0.31,0.178,119.906,audio_features,2JI71GHwq2LN8mtq3iCLYo,spotify:track:2JI71GHwq2LN8mtq3iCLYo,https://api.spotify.com/v1/tracks/2JI71GHwq2LN8mtq3iCLYo,https://api.spotify.com/v1/audio-analysis/2JI71GHwq2LN8mtq3iCLYo,239574,4
Hit the Quan - Throw the Flag Version,['iLoveMemphis'],54,0.747,0.486,8,-8.121,1,0.352,0.000176,0,0.0488,0.633,160.002,audio_features,4Kdn7vw98rMaKi3rMIZRIR,spotify:track:4Kdn7vw98rMaKi3rMIZRIR,https://api.spotify.com/v1/tracks/4Kdn7vw98rMaKi3rMIZRIR,https://api.spotify.com/v1/audio-analysis/4Kdn7vw98rMaKi3rMIZRIR,181081,4
"Downtown (feat. Melle Mel, Grandmaster Caz, Kool Moe Dee & Eric Nally)","['Macklemore & Ryan Lewis', 'Grandmaster Caz', 'Grandmaster Melle Mel', 'Eric Nally', 'Kool Moe Dee']",71,0.828,0.609,1,-4.402,1,0.0694,0.0916,1.21e-06,0.291,0.707,109.725,audio_features,5pfJsMwoRYKampPay8amX0,spotify:track:5pfJsMwoRYKampPay8amX0,https://api.spotify.com/v1/tracks/5pfJsMwoRYKampPay8amX0,https://api.spotify.com/v1/audio-analysis/5pfJsMwoRYKampPay8amX0,292593,4
Energy,['Drake'],70,0.743,0.571,11,-8.038,1,0.505,0.329,0,0.522,0.571,172.056,audio_features,79XrkTOfV1AqySNjVlygpW,spotify:track:79XrkTOfV1AqySNjVlygpW,https://api.spotify.com/v1/tracks/79XrkTOfV1AqySNjVlygpW,https://api.spotify.com/v1/audio-analysis/79XrkTOfV1AqySNjVlygpW,181933,4
Throw Sum Mo,"['Rae Sremmurd', 'Nicki Minaj', 'Young Thug']",66,0.854,0.645,6,-8.021,0,0.141,0.0417,0.000115,0.103,0.569,142.053,audio_features,5uqphUYsR45kPYplrYSAQh,spotify:track:5uqphUYsR45kPYplrYSAQh,https://api.spotify.com/v1/tracks/5uqphUYsR45kPYplrYSAQh,https://api.spotify.com/v1/audio-analysis/5uqphUYsR45kPYplrYSAQh,260453,4
Back To Back,['Drake'],69,0.635,0.472,8,-3.869,0,0.511,0.00898,0,0.117,0.373,174.008,audio_features,5lFDtgWsjRJu8fPOAyJIAK,spotify:track:5lFDtgWsjRJu8fPOAyJIAK,https://api.spotify.com/v1/tracks/5lFDtgWsjRJu8fPOAyJIAK,https://api.spotify.com/v1/audio-analysis/5lFDtgWsjRJu8fPOAyJIAK,170638,4
Be Real,"['Kid Ink', 'DeJ Loaf']",62,0.762,0.611,9,-5.462,0,0.0876,0.122,0.000315,0.141,0.386,99.934,audio_features,2aYzt5nE3tBUMahasMUoOl,spotify:track:2aYzt5nE3tBUMahasMUoOl,https://api.spotify.com/v1/tracks/2aYzt5nE3tBUMahasMUoOl,https://api.spotify.com/v1/audio-analysis/2aYzt5nE3tBUMahasMUoOl,206760,4
Where Ya At,"['Future', 'Drake']",72,0.813,0.453,1,-6.941,1,0.338,0.0933,0,0.14,0.191,161.997,audio_features,5nN8BwAQDJDguq7Dpd3JQQ,spotify:track:5nN8BwAQDJDguq7Dpd3JQQ,https://api.spotify.com/v1/tracks/5nN8BwAQDJDguq7Dpd3JQQ,https://api.spotify.com/v1/audio-analysis/5nN8BwAQDJDguq7Dpd3JQQ,208027,4
Feeling Myself,"['Nicki Minaj', 'Beyoncé']",67,0.682,0.707,2,-5.611,1,0.207,0.453,0.00733,0.419,0.439,139.163,audio_features,5fyIGoaaKelzdyW8ELhYJZ,spotify:track:5fyIGoaaKelzdyW8ELhYJZ,https://api.spotify.com/v1/tracks/5fyIGoaaKelzdyW8ELhYJZ,https://api.spotify.com/v1/audio-analysis/5fyIGoaaKelzdyW8ELhYJZ,237840,4
Again,['Fetty Wap'],69,0.748,0.733,11,-4.421,0,0.072,0.0062,0,0.329,0.291,93.019,audio_features,3ESSGgWzRf1xvP7G5hHMhB,spotify:track:3ESSGgWzRf1xvP7G5hHMhB,https://api.spotify.com/v1/tracks/3ESSGgWzRf1xvP7G5hHMhB,https://api.spotify.com/v1/audio-analysis/3ESSGgWzRf1xvP7G5hHMhB,312240,4
Jumpman (In the Style of Drake & Future) [Karaoke Version],['Instrumental King'],17,0.808,0.396,4,-4.967,1,0.124,0.00297,0.925,0.114,0.888,142.002,audio_features,7DH4e83LRgbABs6R7Eu7sF,spotify:track:7DH4e83LRgbABs6R7Eu7sF,https://api.spotify.com/v1/tracks/7DH4e83LRgbABs6R7Eu7sF,https://api.spotify.com/v1/audio-analysis/7DH4e83LRgbABs6R7Eu7sF,216338,4
The Night Is Still Young,['Nicki Minaj'],60,0.648,0.722,1,-6.083,0,0.054,0.00236,0.00611,0.141,0.669,127.968,audio_features,4bBrKDo8rchikwZOtmXbIH,spotify:track:4bBrKDo8rchikwZOtmXbIH,https://api.spotify.com/v1/tracks/4bBrKDo8rchikwZOtmXbIH,https://api.spotify.com/v1/audio-analysis/4bBrKDo8rchikwZOtmXbIH,227560,4
Hot Boy,['Bobby Shmurda'],45,0.859,0.5,9,-7.628,1,0.347,0.042,1.6e-05,0.0616,0.186,83.981,audio_features,0rFke7eNFHbGuGJUdRgjB2,spotify:track:0rFke7eNFHbGuGJUdRgjB2,https://api.spotify.com/v1/tracks/0rFke7eNFHbGuGJUdRgjB2,https://api.spotify.com/v1/audio-analysis/0rFke7eNFHbGuGJUdRgjB2,194561,4
Fun,"['Pitbull', 'Chris Brown']",63,0.793,0.774,0,-3.667,0,0.0478,0.156,0,0.193,0.547,113.967,audio_features,6Zo3wgDE076K2AuiGZF3CS,spotify:track:6Zo3wgDE076K2AuiGZF3CS,https://api.spotify.com/v1/tracks/6Zo3wgDE076K2AuiGZF3CS,https://api.spotify.com/v1/audio-analysis/6Zo3wgDE076K2AuiGZF3CS,202307,4
F*ck Up Some Commas,['Future'],73,0.874,0.568,11,-5.896,0,0.224,0.0698,1.38e-05,0.149,0.46,139.995,audio_features,49zD0wr2S3d0lZPib0K4e1,spotify:track:49zD0wr2S3d0lZPib0K4e1,https://api.spotify.com/v1/tracks/49zD0wr2S3d0lZPib0K4e1,https://api.spotify.com/v1/audio-analysis/49zD0wr2S3d0lZPib0K4e1,237400,4
Know Yourself,['Drake'],69,0.735,0.41,11,-8.735,0,0.2,0.19,0,0.341,0.164,114.812,audio_features,5InOp6q2vvx0fShv3bzFLZ,spotify:track:5InOp6q2vvx0fShv3bzFLZ,https://api.spotify.com/v1/tracks/5InOp6q2vvx0fShv3bzFLZ,https://api.spotify.com/v1/audio-analysis/5InOp6q2vvx0fShv3bzFLZ,275840,4
Beg For It,"['Iggy Azalea', 'MØ']",51,0.805,0.745,10,-4.303,0,0.044,0.209,0.000129,0.0881,0.374,92.985,audio_features,7MQREx2p9bXdqm8WTGVkGI,spotify:track:7MQREx2p9bXdqm8WTGVkGI,https://api.spotify.com/v1/tracks/7MQREx2p9bXdqm8WTGVkGI,https://api.spotify.com/v1/audio-analysis/7MQREx2p9bXdqm8WTGVkGI,178107,4
All Day,"['Kanye West', 'Theophilus London', 'Allan Kingdom', 'Paul McCartney']",60,0.855,0.638,9,-4.968,0,0.143,0.0648,0,0.162,0.412,122.967,audio_features,79reBHqpRoWXaQbjBBY3UC,spotify:track:79reBHqpRoWXaQbjBBY3UC,https://api.spotify.com/v1/tracks/79reBHqpRoWXaQbjBBY3UC,https://api.spotify.com/v1/audio-analysis/79reBHqpRoWXaQbjBBY3UC,310907,4
This Could Be Us,['Rae Sremmurd'],72,0.718,0.692,5,-5.06,0,0.148,0.275,0,0.118,0.721,142.992,audio_features,4jTiyLlOJVJj3mCr7yfPQD,spotify:track:4jTiyLlOJVJj3mCr7yfPQD,https://api.spotify.com/v1/tracks/4jTiyLlOJVJj3mCr7yfPQD,https://api.spotify.com/v1/audio-analysis/4jTiyLlOJVJj3mCr7yfPQD,206307,4
"I Don't Like It, I Love It (feat. Robin Thicke & Verdine White)","['Flo Rida', 'Verdine White', 'Robin Thicke']",68,0.854,0.766,9,-4.697,0,0.141,0.0242,0,0.0793,0.784,118.004,audio_features,2S5LNtRVRPbXk01yRQ14sZ,spotify:track:2S5LNtRVRPbXk01yRQ14sZ,https://api.spotify.com/v1/tracks/2S5LNtRVRPbXk01yRQ14sZ,https://api.spotify.com/v1/audio-analysis/2S5LNtRVRPbXk01yRQ14sZ,224258,4
Comfortable,['K CAMP'],67,0.775,0.417,7,-8.895,0,0.0974,0.72,0,0.125,0.608,109.956,audio_features,2BqQQXuBOuhaWeUP7okEx0,spotify:track:2BqQQXuBOuhaWeUP7okEx0,https://api.spotify.com/v1/tracks/2BqQQXuBOuhaWeUP7okEx0,https://api.spotify.com/v1/audio-analysis/2BqQQXuBOuhaWeUP7okEx0,211573,4
Try Me,['DeJ Loaf'],59,0.56,0.81,0,-8.029,0,0.0872,0.0071,7.93e-06,0.241,0.247,170.044,audio_features,2CY92qejUrhyPUASawNVRr,spotify:track:2CY92qejUrhyPUASawNVRr,https://api.spotify.com/v1/tracks/2CY92qejUrhyPUASawNVRr,https://api.spotify.com/v1/audio-analysis/2CY92qejUrhyPUASawNVRr,217573,4
Antidote,['Travis Scott'],78,0.713,0.526,1,-5.046,1,0.032,0.00767,0.000148,0.124,0.131,131.05,audio_features,1wHZx0LgzFHyeIZkUydNXq,spotify:track:1wHZx0LgzFHyeIZkUydNXq,https://api.spotify.com/v1/tracks/1wHZx0LgzFHyeIZkUydNXq,https://api.spotify.com/v1/audio-analysis/1wHZx0LgzFHyeIZkUydNXq,262693,4
The Matrimony (feat. Usher),"['Wale', 'Usher']",56,0.416,0.712,5,-6.671,0,0.384,0.438,0,0.0642,0.581,78.015,audio_features,7vlPI45Zzzk0palLdKry4k,spotify:track:7vlPI45Zzzk0palLdKry4k,https://api.spotify.com/v1/tracks/7vlPI45Zzzk0palLdKry4k,https://api.spotify.com/v1/audio-analysis/7vlPI45Zzzk0palLdKry4k,395951,4
L.A.LOVE (la la) [feat. YG],"['Fergie', 'YG']",61,0.509,0.482,7,-6.965,1,0.176,0.0186,0,0.238,0.301,101.042,audio_features,5h2nC1QYVpK0AJra70Ja3p,spotify:track:5h2nC1QYVpK0AJra70Ja3p,https://api.spotify.com/v1/tracks/5h2nC1QYVpK0AJra70Ja3p,https://api.spotify.com/v1/audio-analysis/5h2nC1QYVpK0AJra70Ja3p,211512,4
White Iverson,['Post Malone'],82,0.674,0.568,7,-7.678,1,0.0349,0.216,0,0.0863,0.321,130.081,audio_features,6eT7xZZlB2mwyzJ2sUKG6w,spotify:track:6eT7xZZlB2mwyzJ2sUKG6w,https://api.spotify.com/v1/tracks/6eT7xZZlB2mwyzJ2sUKG6w,https://api.spotify.com/v1/audio-analysis/6eT7xZZlB2mwyzJ2sUKG6w,256533,4
Apparently,['J. Cole'],71,0.801,0.543,5,-9.236,1,0.091,0.564,0,0.116,0.534,133.982,audio_features,1HNs07uZxZniPNmniw2GTa,spotify:track:1HNs07uZxZniPNmniw2GTa,https://api.spotify.com/v1/tracks/1HNs07uZxZniPNmniw2GTa,https://api.spotify.com/v1/audio-analysis/1HNs07uZxZniPNmniw2GTa,293040,4
Wet Dreamz,['J. Cole'],79,0.504,0.705,6,-8.205,0,0.364,0.0752,0,0.128,0.584,175.483,audio_features,6Ius4TC0L3cN74HT7ENE6e,spotify:track:6Ius4TC0L3cN74HT7ENE6e,https://api.spotify.com/v1/tracks/6Ius4TC0L3cN74HT7ENE6e,https://api.spotify.com/v1/audio-analysis/6Ius4TC0L3cN74HT7ENE6e,239320,4
R.I.C.O. (feat. Drake),"['Meek Mill', 'Drake']",74,0.727,0.599,1,-6.941,1,0.327,0.317,0,0.219,0.386,167.909,audio_features,0Y0TOsE1q11qgbi7c5WZsG,spotify:track:0Y0TOsE1q11qgbi7c5WZsG,https://api.spotify.com/v1/tracks/0Y0TOsE1q11qgbi7c5WZsG,https://api.spotify.com/v1/audio-analysis/0Y0TOsE1q11qgbi7c5WZsG,197133,3
Anaconda,['Nicki Minaj'],64,0.965,0.609,9,-6.229,1,0.196,0.0723,8.11e-06,0.268,0.628,129.992,audio_features,794F99D5BQHS5ZGRXAs7I5,spotify:track:794F99D5BQHS5ZGRXAs7I5,https://api.spotify.com/v1/tracks/794F99D5BQHS5ZGRXAs7I5,https://api.spotify.com/v1/audio-analysis/794F99D5BQHS5ZGRXAs7I5,260240,4
Legend,['Drake'],70,0.715,0.561,1,-7.605,1,0.0721,0.024,0,0.0769,0.297,100.076,audio_features,1ID1QFSNNxi0hiZCNcwjUC,spotify:track:1ID1QFSNNxi0hiZCNcwjUC,https://api.spotify.com/v1/tracks/1ID1QFSNNxi0hiZCNcwjUC,https://api.spotify.com/v1/audio-analysis/1ID1QFSNNxi0hiZCNcwjUC,241853,4
How Many Times,"['DJ Khaled', 'Chris Brown', 'Lil Wayne', 'Big Sean']",57,0.798,0.704,10,-4.317,0,0.199,0.0937,0,0.308,0.867,116.016,audio_features,3uqez7AQId9NZ15UF9QW9M,spotify:track:3uqez7AQId9NZ15UF9QW9M,https://api.spotify.com/v1/tracks/3uqez7AQId9NZ15UF9QW9M,https://api.spotify.com/v1/audio-analysis/3uqez7AQId9NZ15UF9QW9M,263980,4
Black Widow,"['Iggy Azalea', 'Rita Ora']",64,0.741,0.726,3,-3.77,0,0.143,0.181,0.000189,0.111,0.527,163.991,audio_features,7pNC5ZIKtwUK0ReSpM3P9f,spotify:track:7pNC5ZIKtwUK0ReSpM3P9f,https://api.spotify.com/v1/tracks/7pNC5ZIKtwUK0ReSpM3P9f,https://api.spotify.com/v1/audio-analysis/7pNC5ZIKtwUK0ReSpM3P9f,209423,4
10 Bands,['Drake'],69,0.835,0.756,7,-3.789,1,0.382,0.23,0,0.0801,0.87,173.0,audio_features,12d5QFwzh60IIHlsSnAvps,spotify:track:12d5QFwzh60IIHlsSnAvps,https://api.spotify.com/v1/tracks/12d5QFwzh60IIHlsSnAvps,https://api.spotify.com/v1/audio-analysis/12d5QFwzh60IIHlsSnAvps,177733,4
song_name,artists,popularity,danceability,energy,key,loudness,mode,speechiness,acousticness,instrumentalness,liveness,valence,tempo,type,id,uri,track_href,analysis_url,duration_ms,time_signature
Fancy,"['Iggy Azalea', 'Charli XCX']",65,0.911,0.707,8,-4.136,1,0.0696,0.102,0,0.049,0.375,94.964,audio_features,3oiMJQAWVaxSubJ7b2VUtX,spotify:track:3oiMJQAWVaxSubJ7b2VUtX,https://api.spotify.com/v1/tracks/3oiMJQAWVaxSubJ7b2VUtX,https://api.spotify.com/v1/audio-analysis/3oiMJQAWVaxSubJ7b2VUtX,199938,4
Timber,"['Pitbull', 'Kesha']",74,0.581,0.963,11,-4.087,1,0.0981,0.0295,0,0.139,0.788,129.992,audio_features,3cHyrEgdyYRjgJKSOiOtcS,spotify:track:3cHyrEgdyYRjgJKSOiOtcS,https://api.spotify.com/v1/tracks/3cHyrEgdyYRjgJKSOiOtcS,https://api.spotify.com/v1/audio-analysis/3cHyrEgdyYRjgJKSOiOtcS,204160,4
The Monster,"['Eminem', 'Rihanna']",71,0.786,0.857,9,-3.765,1,0.0734,0.0514,0,0.112,0.581,110.038,audio_features,48RrDBpOSSl1aLVCalGl5C,spotify:track:48RrDBpOSSl1aLVCalGl5C,https://api.spotify.com/v1/tracks/48RrDBpOSSl1aLVCalGl5C,https://api.spotify.com/v1/audio-analysis/48RrDBpOSSl1aLVCalGl5C,250189,4
Black Widow,"['Iggy Azalea', 'Rita Ora']",64,0.741,0.726,3,-3.77,0,0.143,0.181,0.000189,0.111,0.527,163.991,audio_features,7pNC5ZIKtwUK0ReSpM3P9f,spotify:track:7pNC5ZIKtwUK0ReSpM3P9f,https://api.spotify.com/v1/tracks/7pNC5ZIKtwUK0ReSpM3P9f,https://api.spotify.com/v1/audio-analysis/7pNC5ZIKtwUK0ReSpM3P9f,209423,4
Anaconda,['Nicki Minaj'],64,0.965,0.609,9,-6.229,1,0.196,0.0723,8.11e-06,0.268,0.628,129.992,audio_features,794F99D5BQHS5ZGRXAs7I5,spotify:track:794F99D5BQHS5ZGRXAs7I5,https://api.spotify.com/v1/tracks/794F99D5BQHS5ZGRXAs7I5,https://api.spotify.com/v1/audio-analysis/794F99D5BQHS5ZGRXAs7I5,260240,4
Show Me,"['Kid Ink', 'Chris Brown']",60,0.712,0.52,7,-7.325,1,0.0565,0.0382,0,0.134,0.645,98.096,audio_features,7uc39NPTNiu86GQxTUMzGT,spotify:track:7uc39NPTNiu86GQxTUMzGT,https://api.spotify.com/v1/tracks/7uc39NPTNiu86GQxTUMzGT,https://api.spotify.com/v1/audio-analysis/7uc39NPTNiu86GQxTUMzGT,217800,4
Hot Boy,['Bobby Shmurda'],45,0.859,0.5,9,-7.628,1,0.347,0.042,1.6e-05,0.0616,0.186,83.981,audio_features,0rFke7eNFHbGuGJUdRgjB2,spotify:track:0rFke7eNFHbGuGJUdRgjB2,https://api.spotify.com/v1/tracks/0rFke7eNFHbGuGJUdRgjB2,https://api.spotify.com/v1/audio-analysis/0rFke7eNFHbGuGJUdRgjB2,194561,4
Shower,['Becky G'],70,0.699,0.529,2,-7.548,1,0.0487,0.0317,3.59e-05,0.285,0.121,119.987,audio_features,3DmW6y7wTEYHJZlLo1r6XJ,spotify:track:3DmW6y7wTEYHJZlLo1r6XJ,https://api.spotify.com/v1/tracks/3DmW6y7wTEYHJZlLo1r6XJ,https://api.spotify.com/v1/audio-analysis/3DmW6y7wTEYHJZlLo1r6XJ,206167,4
My Hitta,"['YG', 'Jeezy', 'Rich Homie Quan']",40,0.752,0.509,10,-6.794,0,0.141,0.13,0,0.141,0.648,85.5,audio_features,5G47DlluL671zo0k3OhoSm,spotify:track:5G47DlluL671zo0k3OhoSm,https://api.spotify.com/v1/tracks/5G47DlluL671zo0k3OhoSm,https://api.spotify.com/v1/audio-analysis/5G47DlluL671zo0k3OhoSm,236093,4
Lifestyle,"['Rich Gang', 'Young Thug', 'Rich Homie Quan']",66,0.718,0.67,1,-5.236,1,0.227,0.0144,0,0.0851,0.517,88.764,audio_features,7DTlsMOQjGysXHpwwpHuPl,spotify:track:7DTlsMOQjGysXHpwwpHuPl,https://api.spotify.com/v1/tracks/7DTlsMOQjGysXHpwwpHuPl,https://api.spotify.com/v1/audio-analysis/7DTlsMOQjGysXHpwwpHuPl,269693,4
No Mediocre,"['T.I.', 'Iggy Azalea']",60,0.78,0.45,1,-9.539,1,0.0465,0.0826,0,0.0809,0.178,95.486,audio_features,38aECKrbMv2F5FsYYCewCQ,spotify:track:38aECKrbMv2F5FsYYCewCQ,https://api.spotify.com/v1/tracks/38aECKrbMv2F5FsYYCewCQ,https://api.spotify.com/v1/audio-analysis/38aECKrbMv2F5FsYYCewCQ,201600,4
23,"['Mike WiLL Made-It', 'Wiz Khalifa', 'Juicy J', 'Miley Cyrus']",64,0.863,0.605,2,-5.231,1,0.0572,0.000366,3.71e-06,0.132,0.327,140.031,audio_features,20FZrLl9zSbO9b3DhaqO6M,spotify:track:20FZrLl9zSbO9b3DhaqO6M,https://api.spotify.com/v1/tracks/20FZrLl9zSbO9b3DhaqO6M,https://api.spotify.com/v1/audio-analysis/20FZrLl9zSbO9b3DhaqO6M,252520,4
"White Walls (feat. ScHoolboy Q, Hollis)","['Macklemore & Ryan Lewis', 'Hollis', 'ScHoolboy Q']",62,0.767,0.782,7,-5.545,1,0.14,0.0541,0,0.338,0.827,116.491,audio_features,6I3KeXBT0E9MoMqYz8srVq,spotify:track:6I3KeXBT0E9MoMqYz8srVq,https://api.spotify.com/v1/tracks/6I3KeXBT0E9MoMqYz8srVq,https://api.spotify.com/v1/audio-analysis/6I3KeXBT0E9MoMqYz8srVq,220319,4
Studio,"['ScHoolboy Q', 'BJ The Chicago Kid']",68,0.644,0.581,8,-7.688,0,0.0505,0.0529,0,0.0611,0.586,133.965,audio_features,29gsi1zZrZxdStACmTQB0Z,spotify:track:29gsi1zZrZxdStACmTQB0Z,https://api.spotify.com/v1/tracks/29gsi1zZrZxdStACmTQB0Z,https://api.spotify.com/v1/audio-analysis/29gsi1zZrZxdStACmTQB0Z,278067,3
Believe Me,"['Lil Wayne', 'Drake']",60,0.84,0.483,10,-8.838,0,0.157,0.273,0,0.111,0.198,91.992,audio_features,6t2eIONH4Sax3R21QWiKNp,spotify:track:6t2eIONH4Sax3R21QWiKNp,https://api.spotify.com/v1/tracks/6t2eIONH4Sax3R21QWiKNp,https://api.spotify.com/v1/audio-analysis/6t2eIONH4Sax3R21QWiKNp,337640,4
0 To 100 / The Catch Up,['Drake'],69,0.707,0.709,11,-3.979,0,0.34,0.763,0,0.274,0.501,89.094,audio_features,4jtyUzZm9WLc2AdaJ1dso7,spotify:track:4jtyUzZm9WLc2AdaJ1dso7,https://api.spotify.com/v1/tracks/4jtyUzZm9WLc2AdaJ1dso7,https://api.spotify.com/v1/audio-analysis/4jtyUzZm9WLc2AdaJ1dso7,275227,4
Pills N Potions,['Nicki Minaj'],60,0.426,0.615,2,-8.048,1,0.164,0.00776,8.16e-06,0.0456,0.186,169.478,audio_features,2bkyTJ4bAnc8a5ly3dg9DX,spotify:track:2bkyTJ4bAnc8a5ly3dg9DX,https://api.spotify.com/v1/tracks/2bkyTJ4bAnc8a5ly3dg9DX,https://api.spotify.com/v1/audio-analysis/2bkyTJ4bAnc8a5ly3dg9DX,268000,4
We Dem Boyz,['Wiz Khalifa'],70,0.717,0.862,8,-4.736,1,0.054,0.00689,0,0.321,0.52,130.021,audio_features,1ULa3GfdMKs0MfRpm6xVlu,spotify:track:1ULa3GfdMKs0MfRpm6xVlu,https://api.spotify.com/v1/tracks/1ULa3GfdMKs0MfRpm6xVlu,https://api.spotify.com/v1/audio-analysis/1ULa3GfdMKs0MfRpm6xVlu,224933,4
Fireball,"['Pitbull', 'John Ryan']",65,0.69,0.937,10,-5.393,1,0.0642,0.0894,0.000104,0.0532,0.794,122.951,audio_features,49eplIHvgCLY8HAgcaWrUb,spotify:track:49eplIHvgCLY8HAgcaWrUb,https://api.spotify.com/v1/tracks/49eplIHvgCLY8HAgcaWrUb,https://api.spotify.com/v1/audio-analysis/49eplIHvgCLY8HAgcaWrUb,235012,4
Rap God,['Eminem'],73,0.708,0.843,7,-2.678,1,0.305,0.398,0,0.793,0.633,148.164,audio_features,6or1bKJiZ06IlK0vFvY75k,spotify:track:6or1bKJiZ06IlK0vFvY75k,https://api.spotify.com/v1/tracks/6or1bKJiZ06IlK0vFvY75k,https://api.spotify.com/v1/audio-analysis/6or1bKJiZ06IlK0vFvY75k,363521,4
No Flex Zone,['Rae Sremmurd'],61,0.925,0.519,8,-6.055,1,0.104,0.00412,0,0.0971,0.247,120.08,audio_features,2L8cFPItBljPNJgPjTnuIf,spotify:track:2L8cFPItBljPNJgPjTnuIf,https://api.spotify.com/v1/tracks/2L8cFPItBljPNJgPjTnuIf,https://api.spotify.com/v1/audio-analysis/2L8cFPItBljPNJgPjTnuIf,231067,4
Trophies,"['Young Money', 'Drake']",69,0.741,0.699,1,-7.467,1,0.441,0.158,0,0.137,0.268,143.936,audio_features,6HfOzLLjsaXsehIFEsrxTk,spotify:track:6HfOzLLjsaXsehIFEsrxTk,https://api.spotify.com/v1/tracks/6HfOzLLjsaXsehIFEsrxTk,https://api.spotify.com/v1/audio-analysis/6HfOzLLjsaXsehIFEsrxTk,188320,4
Who Do You Love?,"['YG', 'Drake']",64,0.658,0.408,4,-9.806,1,0.492,0.0319,0,0.0906,0.155,192.921,audio_features,1uDjaezEbalGyGnuH80zDK,spotify:track:1uDjaezEbalGyGnuH80zDK,https://api.spotify.com/v1/tracks/1uDjaezEbalGyGnuH80zDK,https://api.spotify.com/v1/audio-analysis/1uDjaezEbalGyGnuH80zDK,233507,4
All Me,"['Drake', '2 Chainz', 'Big Sean']",70,0.667,0.506,1,-6.944,1,0.394,0.0704,0,0.257,0.398,122.012,audio_features,4kNvYhyl8R6m1vykVkcuBu,spotify:track:4kNvYhyl8R6m1vykVkcuBu,https://api.spotify.com/v1/tracks/4kNvYhyl8R6m1vykVkcuBu,https://api.spotify.com/v1/audio-analysis/4kNvYhyl8R6m1vykVkcuBu,270867,4
Wild Wild Love,"['Pitbull', 'G.R.L.']",53,0.645,0.732,2,-5.874,1,0.0482,0.0136,0,0.513,0.336,120.06,audio_features,6DcDdDevI94Dh4vc5anXBE,spotify:track:6DcDdDevI94Dh4vc5anXBE,https://api.spotify.com/v1/tracks/6DcDdDevI94Dh4vc5anXBE,https://api.spotify.com/v1/audio-analysis/6DcDdDevI94Dh4vc5anXBE,202197,4
Move That Doh,"['Future', 'Pharrell Williams', 'Pusha T', 'Casino']",28,0.876,0.63,2,-4.992,1,0.135,0.0841,0,0.0838,0.316,131.033,audio_features,5Sn6Sn0L2bD9ihdz5pbUed,spotify:track:5Sn6Sn0L2bD9ihdz5pbUed,https://api.spotify.com/v1/tracks/5Sn6Sn0L2bD9ihdz5pbUed,https://api.spotify.com/v1/audio-analysis/5Sn6Sn0L2bD9ihdz5pbUed,340413,4
About the Money,"['T.I.', 'Young Thug']",64,0.81,0.721,9,-4.964,0,0.265,0.0487,0,0.0886,0.552,101.997,audio_features,1hzJQIkgXwZevaKsc7iA6D,spotify:track:1hzJQIkgXwZevaKsc7iA6D,https://api.spotify.com/v1/tracks/1hzJQIkgXwZevaKsc7iA6D,https://api.spotify.com/v1/audio-analysis/1hzJQIkgXwZevaKsc7iA6D,270120,4
Main Chick,"['Kid Ink', 'Chris Brown']",58,0.777,0.482,10,-5.691,1,0.0366,0.0304,0,0.573,0.196,95.077,audio_features,6BU5FJoFC38IBkMTxw6bh5,spotify:track:6BU5FJoFC38IBkMTxw6bh5,https://api.spotify.com/v1/tracks/6BU5FJoFC38IBkMTxw6bh5,https://api.spotify.com/v1/audio-analysis/6BU5FJoFC38IBkMTxw6bh5,197813,4
Work,['Iggy Azalea'],55,0.697,0.808,7,-4.928,1,0.155,0.0604,0,0.435,0.443,140.013,audio_features,3yx6eryOZgO54bt3B671cn,spotify:track:3yx6eryOZgO54bt3B671cn,https://api.spotify.com/v1/tracks/3yx6eryOZgO54bt3B671cn,https://api.spotify.com/v1/audio-analysis/3yx6eryOZgO54bt3B671cn,223197,4
Cut Her Off,['2014 Chart Mogul'],0,0.841,0.449,6,-6.341,0,0.0463,0.273,0,0.103,0.407,144.045,audio_features,7xo7BNqhwAf1f9EXQGStmc,spotify:track:7xo7BNqhwAf1f9EXQGStmc,https://api.spotify.com/v1/tracks/7xo7BNqhwAf1f9EXQGStmc,https://api.spotify.com/v1/audio-analysis/7xo7BNqhwAf1f9EXQGStmc,246518,4
Stoner,['Young Thug'],54,0.876,0.675,3,-3.28,0,0.146,0.421,1.16e-06,0.0667,0.606,135.959,audio_features,1jROHCeEzDr6VnV8EnBnik,spotify:track:1jROHCeEzDr6VnV8EnBnik,https://api.spotify.com/v1/tracks/1jROHCeEzDr6VnV8EnBnik,https://api.spotify.com/v1/audio-analysis/1jROHCeEzDr6VnV8EnBnik,240000,4
I Don't Fuck With You,"['Big Sean', 'E-40']",71,0.822,0.734,1,-5.48,1,0.0738,0.0372,0,0.325,0.425,97.998,audio_features,7FYH5AW3bVfZHJIQpq3UOA,spotify:track:7FYH5AW3bVfZHJIQpq3UOA,https://api.spotify.com/v1/tracks/7FYH5AW3bVfZHJIQpq3UOA,https://api.spotify.com/v1/audio-analysis/7FYH5AW3bVfZHJIQpq3UOA,284387,4
No Type,['Rae Sremmurd'],71,0.888,0.483,6,-7.797,1,0.154,0.013,4.85e-06,0.0926,0.226,125.008,audio_features,4scpF6J5uMBvoh6sFB7EL1,spotify:track:4scpF6J5uMBvoh6sFB7EL1,https://api.spotify.com/v1/tracks/4scpF6J5uMBvoh6sFB7EL1,https://api.spotify.com/v1/audio-analysis/4scpF6J5uMBvoh6sFB7EL1,200080,4
Man Of The Year,['ScHoolboy Q'],69,0.749,0.857,3,-5.24,1,0.0435,0.00539,0,0.192,0.354,111.906,audio_features,5SsR3wtCOafDmZgvIdRhSm,spotify:track:5SsR3wtCOafDmZgvIdRhSm,https://api.spotify.com/v1/tracks/5SsR3wtCOafDmZgvIdRhSm,https://api.spotify.com/v1/audio-analysis/5SsR3wtCOafDmZgvIdRhSm,216013,4
Holy Grail (Holy Reply to Jay Z),['Alice Johnson'],4,0.801,0.478,5,-7.776,0,0.0595,0.0183,0.000238,0.132,0.187,144.015,audio_features,2t2rwus7ggTrrj9kpA1K2e,spotify:track:2t2rwus7ggTrrj9kpA1K2e,https://api.spotify.com/v1/tracks/2t2rwus7ggTrrj9kpA1K2e,https://api.spotify.com/v1/audio-analysis/2t2rwus7ggTrrj9kpA1K2e,176850,4
Fight Night,['Migos'],74,0.874,0.706,1,-5.132,1,0.207,0.182,0,0.334,0.895,89.968,audio_features,2n5gVJ9fzeX2SSWlLQuyS9,spotify:track:2n5gVJ9fzeX2SSWlLQuyS9,https://api.spotify.com/v1/tracks/2n5gVJ9fzeX2SSWlLQuyS9,https://api.spotify.com/v1/audio-analysis/2n5gVJ9fzeX2SSWlLQuyS9,216248,4
V. 3005 - Beach Picnic Version,['Childish Gambino'],51,0.573,0.438,8,-9.306,1,0.0449,0.013,0.0867,0.117,0.133,165.997,audio_features,7u0hfStBmf1j0yiD3Em39J,spotify:track:7u0hfStBmf1j0yiD3Em39J,https://api.spotify.com/v1/tracks/7u0hfStBmf1j0yiD3Em39J,https://api.spotify.com/v1/audio-analysis/7u0hfStBmf1j0yiD3Em39J,225867,4
The Language,['Drake'],61,0.826,0.665,1,-8.349,1,0.376,0.00922,0,0.0841,0.473,120.095,audio_features,3Qu5bTS5AvgS0TpeGhQyfc,spotify:track:3Qu5bTS5AvgS0TpeGhQyfc,https://api.spotify.com/v1/tracks/3Qu5bTS5AvgS0TpeGhQyfc,https://api.spotify.com/v1/audio-analysis/3Qu5bTS5AvgS0TpeGhQyfc,224013,4
Part II - On the Run (In the Style of Jay Z & Beyonce) [Karaoke],['The Hip Hop Kings of Karaoke Hitts'],8,0.589,0.592,8,-11.878,1,0.0355,0.0649,0.929,0.0995,0.345,87.006,audio_features,4NSGq9lUYTJB9B5ZDqlPTK,spotify:track:4NSGq9lUYTJB9B5ZDqlPTK,https://api.spotify.com/v1/tracks/4NSGq9lUYTJB9B5ZDqlPTK,https://api.spotify.com/v1/audio-analysis/4NSGq9lUYTJB9B5ZDqlPTK,325517,4
Gas Pedal,"['Sage The Gemini', 'Iamsu!']",64,0.846,0.538,1,-8.059,1,0.0576,0.0272,0,0.123,0.441,97.536,audio_features,2ng5lhEsASy6jgbOLg877a,spotify:track:2ng5lhEsASy6jgbOLg877a,https://api.spotify.com/v1/tracks/2ng5lhEsASy6jgbOLg877a,https://api.spotify.com/v1/audio-analysis/2ng5lhEsASy6jgbOLg877a,208160,4
i,['Kendrick Lamar'],61,0.761,0.886,1,-5.322,1,0.0627,0.0196,1.72e-06,0.236,0.89,121.91,audio_features,7wdzLe2Gsx1RGqbvYZHASz,spotify:track:7wdzLe2Gsx1RGqbvYZHASz,https://api.spotify.com/v1/tracks/7wdzLe2Gsx1RGqbvYZHASz,https://api.spotify.com/v1/audio-analysis/7wdzLe2Gsx1RGqbvYZHASz,231933,4
Hookah,"['Tyga', 'Young Thug']",59,0.863,0.484,9,-6.611,1,0.288,0.726,0,0.14,0.211,95.034,audio_features,3qQ6WFhcAx6LOH1UHz1c0U,spotify:track:3qQ6WFhcAx6LOH1UHz1c0U,https://api.spotify.com/v1/tracks/3qQ6WFhcAx6LOH1UHz1c0U,https://api.spotify.com/v1/audio-analysis/3qQ6WFhcAx6LOH1UHz1c0U,202320,4
Headlights,"['Eminem', 'Nate Ruess']",60,0.686,0.793,11,-3.659,1,0.141,0.16,0,0.833,0.464,146.688,audio_features,222dTwr5XeEgAzEtsrQA0R,spotify:track:222dTwr5XeEgAzEtsrQA0R,https://api.spotify.com/v1/tracks/222dTwr5XeEgAzEtsrQA0R,https://api.spotify.com/v1/audio-analysis/222dTwr5XeEgAzEtsrQA0R,343032,4
Bound 2,['Kanye West'],65,0.359,0.662,1,-2.843,1,0.0466,0.134,0,0.0907,0.288,152.096,audio_features,3sNVsP50132BTNlImLx70i,spotify:track:3sNVsP50132BTNlImLx70i,https://api.spotify.com/v1/tracks/3sNVsP50132BTNlImLx70i,https://api.spotify.com/v1/audio-analysis/3sNVsP50132BTNlImLx70i,229147,4
Berzerk,['Eminem'],62,0.713,0.876,2,-4.049,1,0.345,0.0228,0,0.247,0.676,95.227,audio_features,6Xk7PnitV9jCRorWt2LiVZ,spotify:track:6Xk7PnitV9jCRorWt2LiVZ,https://api.spotify.com/v1/tracks/6Xk7PnitV9jCRorWt2LiVZ,https://api.spotify.com/v1/audio-analysis/6Xk7PnitV9jCRorWt2LiVZ,238746,4
I Won,"['Future', 'Kanye West']",60,0.606,0.66,9,-5.788,1,0.258,0.743,0,0.396,0.317,83.746,audio_features,2T4JE91t7Js1DJ4rSHltcQ,spotify:track:2T4JE91t7Js1DJ4rSHltcQ,https://api.spotify.com/v1/tracks/2T4JE91t7Js1DJ4rSHltcQ,https://api.spotify.com/v1/audio-analysis/2T4JE91t7Js1DJ4rSHltcQ,239733,4
Survival,['Eminem'],62,0.452,0.894,2,-2.988,1,0.224,0.00392,0,0.124,0.431,176.097,audio_features,3stOygN0I7CIvkEB2LJGbv,spotify:track:3stOygN0I7CIvkEB2LJGbv,https://api.spotify.com/v1/tracks/3stOygN0I7CIvkEB2LJGbv,https://api.spotify.com/v1/audio-analysis/3stOygN0I7CIvkEB2LJGbv,272417,4
24 Hours,"['TeeFLii', '2 Chainz']",52,0.833,0.638,1,-9.119,1,0.0441,0.0392,4.83e-06,0.173,0.399,100.01,audio_features,7LWtfSW68VAkHp3hpcFDCY,spotify:track:7LWtfSW68VAkHp3hpcFDCY,https://api.spotify.com/v1/tracks/7LWtfSW68VAkHp3hpcFDCY,https://api.spotify.com/v1/audio-analysis/7LWtfSW68VAkHp3hpcFDCY,215987,4
Walk Thru (feat. Problem),['Rich Homie Quan'],55,0.691,0.492,4,-10.815,0,0.196,0.405,0,0.0955,0.54,92.019,audio_features,5259GVdvIOBkcqo6L2i9qw,spotify:track:5259GVdvIOBkcqo6L2i9qw,https://api.spotify.com/v1/tracks/5259GVdvIOBkcqo6L2i9qw,https://api.spotify.com/v1/audio-analysis/5259GVdvIOBkcqo6L2i9qw,187826,4
L.A.LOVE (la la) [feat. YG],"['Fergie', 'YG']",61,0.509,0.482,7,-6.965,1,0.176,0.0186,0,0.238,0.301,101.042,audio_features,5h2nC1QYVpK0AJra70Ja3p,spotify:track:5h2nC1QYVpK0AJra70Ja3p,https://api.spotify.com/v1/tracks/5h2nC1QYVpK0AJra70Ja3p,https://api.spotify.com/v1/audio-analysis/5h2nC1QYVpK0AJra70Ja3p,211512,4
song_name,artists,popularity,danceability,energy,key,loudness,mode,speechiness,acousticness,instrumentalness,liveness,valence,tempo,type,id,uri,track_href,analysis_url,duration_ms,time_signature
